01, 32766
02, 32765
03, 32764
04, 32763
05, 32762
06, 32761
07, 32760
08, 32759
09, 32758
10, 32757
11, 32756
12, 32755
13, 32754
14, 32753
15, 32752
16, 32751
17, 32750
18, 32749
19, 32748
20, 32747
21, 32746
22, 32745
23, 32744
24, 32743
25, 32742
26, 32741
27, 32740
28, 32739
29, 32738
30, 32737
31, 32736
32, 32735
33, 32734
34, 32733
35, 32732
36, 32731
37, 32730
38, 32729
39, 32728
40, 32727
41, 32726
42, 32725
43, 32724
44, 32723
45, 32722
46, 32721
47, 32720
48, 32719
49, 32718
50, 32717
51, 32716
52, 32715
53, 32714
54, 32713
55, 32712
56, 32711
57, 32710
58, 32709
59, 32708
60, 32707
61, 32706
62, 32705
63, 32704
64, 32703
65, 32702
66, 32701
67, 32700
68, 32699
69, 32698
70, 32697
71, 32696
72, 32695
73, 32694
74, 32693
75, 32692
76, 32691
77, 32690
78, 32689
79, 32688
80, 32687
81, 32686
82, 32685
83, 32684
84, 32683
85, 32682
86, 32681
87, 32680
88, 32679
89, 32678
90, 32677
91, 32676
92, 32675
93, 32674
94, 32673
95, 32672
96, 32671
97, 32670
98, 32669
99, 32668
100, 32667
101, 32666
102, 32665
103, 32664
104, 32663
105, 32662
106, 32661
107, 32660
108, 32659
109, 32658
110, 32657
111, 32656
112, 32655
113, 32654
114, 32653
115, 32652
116, 32651
117, 32650
118, 32649
119, 32648
120, 32647
121, 32646
122, 32645
123, 32644
124, 32643
125, 32642
126, 32641
127, 32640
128, 32639
129, 32638
130, 32637
131, 32636
132, 32635
133, 32634
134, 32633
135, 32632
136, 32631
137, 32630
138, 32629
139, 32628
140, 32627
141, 32626
142, 32625
143, 32624
144, 32623
145, 32622
146, 32621
147, 32620
148, 32619
149, 32618
150, 32617
151, 32616
152, 32615
153, 32614
154, 32613
155, 32612
156, 32611
157, 32610
158, 32609
159, 32608
160, 32607
161, 32606
162, 32605
163, 32604
164, 32603
165, 32602
166, 32601
167, 32600
168, 32599
169, 32598
170, 32597
171, 32596
172, 32595
173, 32594
174, 32593
175, 32592
176, 32591
177, 32590
178, 32589
179, 32588
180, 32587
181, 32586
182, 32585
183, 32584
184, 32583
185, 32582
186, 32581
187, 32580
188, 32579
189, 32578
190, 32577
191, 32576
192, 32575
193, 32574
194, 32573
195, 32572
196, 32571
197, 32570
198, 32569
199, 32568
200, 32567
