test, 15839
01, 10174
02, 15807
03, 15775
04, 15743
05, 15711
06, 15679
07, 15647
08, 15615
09, 10174
10, 15551
11, 15519
12, 15487
13, 15455
14, 15423
15, 15391
16, 16383
17, 16351
18, 16319
19, 16287
20, 16255
21, 16223
22, 16191
23, 16159
24, 16127
25, 16095
26, 16063
27, 16031
28, 15999
29, 15967
30, 15935
31, 15903
32, 14847
33, 14815
34, 14783
35, 14751
36, 14719
37, 14687
38, 14655
39, 14623
40, 14591
41, 14559
42, 14527
43, 23574
44, 14463
45, 14431
46, 14399
47, 14367
48, 15359
49, 15327
50, 15295
51, 15263
52, 15231
53, 15199
54, 15167
55, 15135
56, 15103
57, 15071
58, 15039
59, 15007
60, 14975
61, 14943
62, 14911
63, 14879
64, 13823
65, 13791
66, 13759
67, 13727
68, 13695
69, 13663
70, 13631
71, 13599
72, 13567
73, 13535
74, 13503
75, 13471
76, 13439
77, 13407
78, 13375
79, 13343
80, 14335
81, 14303
82, 14271
83, 14239
84, 14207
85, 14175
86, 14143
87, 14111
88, 14079
89, 1819
90, 14015
91, 13983
92, 13951
93, 13919
94, 13887
95, 13855
96, 12799
97, 12767
98, 12735
99, 12703
100, 12671
101, 12639
102, 12607
103, 12575
104, 12543
105, 12511
106, 12479
107, 12447
108, 12415
109, 12383
110, 12351
111, 12319
112, 13311
113, 13279
114, 13247
115, 13215
116, 13183
117, 13151
118, 13119
119, 13087
120, 13055
121, 13023
122, 12991
123, 23574
124, 12927
125, 12895
126, 12863
127, 12831
128, 11775
129, 11743
130, 11711
131, 11679
132, 11647
133, 11615
134, 11583
135, 11551
136, 11519
137, 11487
138, 11455
139, 11423
140, 11391
141, 11359
142, 11327
143, 11295
144, 12287
145, 23574
146, 12223
147, 12191
148, 12159
149, 12127
150, 12095
151, 12063
152, 12031
153, 11999
154, 11967
155, 11935
156, 11903
157, 11871
158, 11839
159, 11807
160, 10751
161, 10719
162, 10687
163, 10655
164, 10623
165, 10591
166, 10559
167, 10527
168, 10495
169, 10463
170, 10431
171, 10399
172, 10367
173, 10335
174, 10303
175, 10271
176, 11263
177, 11231
178, 11199
179, 11167
180, 11135
181, 11103
182, 11071
183, 11039
184, 11007
185, 10975
186, 10943
187, 10911
188, 10879
189, 10847
190, 2939
191, 10783
192, 9727
193, 9695
194, 9663
195, 9631
196, 9599
197, 9567
198, 9535
199, 9503
200, 9471
203, 312
